Datetime,ETH_Price,ETH_Returns,ENA_Price,ENA_Returns,claimed,total_claimed,Implied_APY
2024-04-02 08:00:00+00:00,3303.28564453125,-0.0076522269494953,0.6003904938697815,0.06175216368948111,26291818.784999996,184171051.31999972,
2024-04-02 12:00:00+00:00,3238.8583984375,-0.01951661142574712,0.6965355277061462,0.15381145863124268,45822797.984999955,229993849.3049997,
2024-04-02 16:00:00+00:00,3282.234375,0.01333635477528139,0.8651601076126099,0.22563468100883344,14821317.635000005,244815166.9399997,
2024-04-02 20:00:00+00:00,3277.8583984375,-0.0012612361472120748,0.7846840620040894,-0.09234872984351017,8706016.779999997,253521183.71999967,
2024-04-03 00:00:00+00:00,3315.7353515625,0.011536365214797062,0.8727523684501648,0.11488914412915807,4090958.3249999983,257612142.0449997,
2024-04-03 04:00:00+00:00,3306.902587890625,-0.0026267626186892157,0.90335613489151,0.037798703299774306,3650653.1149999984,261262795.15999967,
2024-04-03 08:00:00+00:00,3321.1513671875,0.004411438429860137,0.9120076298713684,0.010058639180466789,3818411.4099999997,265081206.5699997,
2024-04-03 12:00:00+00:00,3330.5732421875,0.0029575662287929516,1.1996079683303833,0.2904393693941507,7339333.585000003,272420540.1549997,
2024-04-03 16:00:00+00:00,3321.529052734375,-0.002657058475430407,1.1224498748779297,-0.06456152062648035,91369200.47,363789740.6249997,
2024-04-03 20:00:00+00:00,3314.0966796875,-0.0022225852226566145,1.1282628774642944,0.006869150589714601,5942304.479999999,369732045.1049997,
2024-04-04 00:00:00+00:00,3278.098876953125,-0.010837755579264918,0.962451696395874,-0.1543542303905059,4921105.815000001,374653150.9199998,
2024-04-04 04:00:00+00:00,3322.077392578125,0.01334957627600697,1.0000320672988892,0.04009602743532792,5098384.679999997,379751535.5999998,
2024-04-04 08:00:00+00:00,3339.435302734375,0.005218217136422121,1.122565746307373,0.12157182531959565,1018613.5350000001,380770149.13499975,
2024-04-04 12:00:00+00:00,3363.382568359375,0.007196050084708805,1.0370349884033203,-0.07724539512620154,761447.82,381531596.9549997,
2024-04-04 16:00:00+00:00,3368.57861328125,0.0016547286156375351,1.0042097568511963,-0.029392863533062696,19331790.919999998,400863387.8749997,
2024-04-04 20:00:00+00:00,3331.051025390625,-0.01111027786775054,0.9778778553009033,-0.024469890208279832,552414.6849999999,401415802.5599997,
2024-04-05 00:00:00+00:00,3307.20361328125,-0.007008868068223872,0.9556727409362793,-0.018664908593678642,261157.62000000005,401676960.1799997,
2024-04-05 04:00:00+00:00,3286.625732421875,-0.006207603465854139,0.9077003598213196,-0.050490880282828554,215565.65500000006,401892525.8349997,
2024-04-05 08:00:00+00:00,3240.465576171875,-0.014088523344302328,0.8725412487983704,-0.03792571601707928,293920.93500000006,402186446.7699997,
2024-04-05 12:00:00+00:00,3326.114501953125,0.026192301996403877,0.9638378024101257,0.10428926492642188,203947.495,402390394.2649997,
2024-04-05 16:00:00+00:00,3322.306884765625,-0.0011334677464757137,0.9801538586616516,0.01769199850223324,239081.52999999997,402629475.7949997,
2024-04-05 20:00:00+00:00,3318.5390625,-0.0011104276838188598,1.0190528631210327,0.04116532531363504,252557.81,402882033.6049997,
2024-04-06 00:00:00+00:00,3332.9072265625,0.004332363388878324,0.9925106167793274,-0.025702753638488396,204820.80999999997,403086854.4149997,
2024-04-06 04:00:00+00:00,3332.402099609375,-0.0001388913576790829,1.1294918060302734,0.13278776611579945,269855.0700000001,403356709.4849998,
2024-04-06 08:00:00+00:00,3332.431396484375,1.8745743578185703e-05,1.1089414358139038,-0.017353467940998124,409159.255,403765868.7399997,
2024-04-06 12:00:00+00:00,3337.2099609375,0.0014509788855822103,1.1783952713012695,0.06260869382289047,542889.76,404308758.49999976,
2024-04-06 16:00:00+00:00,3349.59326171875,0.0037057585009412364,1.123692512512207,-0.0463935748308939,274716.455,404583474.9549998,
2024-04-06 20:00:00+00:00,3354.390869140625,0.0014857827241386845,1.0880001783370972,-0.03183423621758097,156001.0400000001,404739475.99499977,
2024-04-07 00:00:00+00:00,3389.60205078125,0.01048922895483051,1.0967578887939453,0.008499314301856575,79992.43500000001,404819468.42999977,
2024-04-07 04:00:00+00:00,3388.28564453125,-0.0003785895950627616,1.2056437730789185,0.09683811831691858,87093.385,404906561.8149998,
2024-04-07 08:00:00+00:00,3391.165283203125,0.0008567324642100305,1.2386277914047241,0.028271352577097453,168167.40000000002,405074729.2149999,
2024-04-07 12:00:00+00:00,3393.548583984375,0.0007207086424295683,1.2658271789550781,0.022464370126629274,163887.39500000002,405238616.60999984,
2024-04-07 16:00:00+00:00,3380.181640625,-0.003942543431411205,1.1840542554855347,-0.06612474483591957,253170.72499999998,405491787.3349999,
2024-04-07 20:00:00+00:00,3453.281982421875,0.021476807329183778,1.18970787525177,0.004860549318362106,66065.045,405557852.3799999,
2024-04-08 00:00:00+00:00,3423.00146484375,-0.008778903247292025,1.1551315784454346,-0.028865476019471092,94490.30999999998,405652342.6899999,
2024-04-08 04:00:00+00:00,3474.066650390625,0.014891934033139043,1.124935269355774,-0.02601639942592926,244503.185,405896845.8749999,
2024-04-08 08:00:00+00:00,3629.185302734375,0.04435028731970303,1.1130622625350952,-0.010565333857167847,119198.04000000001,406016043.9149999,
2024-04-08 12:00:00+00:00,3628.90625,-4.347291781570117e-05,1.2463372945785522,0.12439247165847056,760196.4750000001,406776240.39,
2024-04-08 16:00:00+00:00,3695.994384765625,0.018386252584043805,1.2717822790145874,0.02061269758275719,11687552.645,418463793.035,
2024-04-08 20:00:00+00:00,3695.205322265625,-0.00013584994280024798,1.29708731174469,0.02009160499110807,1276897.1443999996,419740690.1794001,
2024-04-09 00:00:00+00:00,3692.023193359375,-0.0008235264985758661,1.365561842918396,0.05240695290263597,2273561.861893999,422014252.0412941,
2024-04-09 04:00:00+00:00,3638.686279296875,-0.014452191078111465,1.3093780279159546,-0.041270744277727256,1771800.5951370005,423786052.6364312,
2024-04-09 08:00:00+00:00,3630.6416015625,-0.002210448756911676,1.285032868385315,-0.01753280485792519,963236.273112,424749288.9095432,
2024-04-09 12:00:00+00:00,3526.728515625,-0.028730783178788633,1.2443106174468994,-0.03143594066551325,497793.2855939997,425247082.19513714,
2024-04-09 16:00:00+00:00,3520.031494140625,-0.001861144783781965,1.2451037168502808,0.0011412062953443103,8838431.307946002,434085513.5030832,
2024-04-09 20:00:00+00:00,3505.1171875,-0.004232744254209719,1.2372781038284302,-0.00627013798033349,319280.4693289999,434404793.97241217,
2024-04-10 00:00:00+00:00,3512.07177734375,0.002058319300443978,1.3255573511123657,0.07093133401917817,389459.1590420001,434794253.13145417,
2024-04-10 04:00:00+00:00,3537.679443359375,0.007278868948619066,1.3884607553482056,0.047708090801800274,431252.3352479999,435225505.46670216,
2024-04-10 08:00:00+00:00,3520.995849609375,-0.004694687721228719,1.3625541925430298,-0.017961886816551753,263144.227753,435488649.6944552,
2024-04-10 12:00:00+00:00,3479.068115234375,-0.011654679878214447,1.4278767108917236,0.04874878831898122,398885.30156200007,435887534.9960172,
2024-04-10 16:00:00+00:00,3517.6611328125,0.011210260653312765,1.4185912609100342,-0.005773588782970074,14220121.294691997,450107656.2907092,
2024-04-10 20:00:00+00:00,3544.0869140625,0.00751900042159015,1.4653995037078857,0.03282175874229609,423989.21372699994,450531645.5044362,
2024-04-11 00:00:00+00:00,3574.373046875,0.008572720189084282,1.4499305486679077,-0.010570459648756025,130266.85246899998,450661912.3569052,
2024-04-11 04:00:00+00:00,3584.6552734375,0.002888026027915158,1.4018537998199463,-0.033498423190637894,99250.00802400001,450761162.36492926,
2024-04-11 08:00:00+00:00,3518.73681640625,-0.018417328996494287,1.469614863395691,0.04859290433062602,113306.72016700002,450874469.0850963,
2024-04-11 12:00:00+00:00,3505.04931640625,-0.00375945358629326,1.433384656906128,-0.02438707554783337,142952.01558500002,451017421.1006813,
2024-04-11 16:00:00+00:00,3511.7900390625,0.0019271227893015164,1.4219125509262085,-0.007720534347449459,97509.44406300002,451114930.54474425,
2024-04-11 20:00:00+00:00,3506.996826171875,-0.001337854952741746,1.3700963258743286,-0.036734507849741194,76278.03057999999,451191208.5753242,
2024-04-12 00:00:00+00:00,3534.05908203125,0.007715487345457128,1.4572793245315552,0.06312184947339217,73894.94097899998,451265103.5163032,
2024-04-12 04:00:00+00:00,3516.44091796875,-0.004970410032661188,1.460504412651062,0.0023283328756239507,138528.957569,451403632.4738722,
2024-04-12 08:00:00+00:00,3532.47509765625,0.004565485998983765,1.4223763942718506,-0.02622492140360899,81183.512036,451484815.9859082,
2024-04-12 12:00:00+00:00,3442.45068359375,-0.02569878692763694,1.2682803869247437,-0.11264812423342785,66044.42266299999,451550860.4085713,
2024-04-12 16:00:00+00:00,3217.13671875,-0.06677115706589787,1.2481147050857544,-0.01294084951460761,75370.191802,451626230.60037327,
2024-04-12 20:00:00+00:00,3243.595703125,0.008222526442400624,1.2869809865951538,0.033826103432260446,32898.108804,451659128.7091773,
2024-04-13 00:00:00+00:00,3228.21923828125,-0.0042815291855378135,1.2876949310302734,0.0034764567458975826,31321.400756000003,451690450.10993326,
2024-04-13 04:00:00+00:00,3257.378173828125,0.009059253742505491,1.2721375226974487,-0.011920833601542724,135134.54968899998,451825584.6596223,
2024-04-13 08:00:00+00:00,3269.50927734375,0.0037390330937341343,1.2380247116088867,-0.026797409895238267,67127.211518,451892711.8711404,
2024-04-13 12:00:00+00:00,3274.147705078125,0.0014398988150305936,1.1536809206008911,-0.06929789371877082,63022.08633400001,451955733.9574744,
2024-04-13 16:00:00+00:00,3051.0751953125,-0.06868570461680201,1.0174500942230225,-0.12045882321186518,29969.735126999993,451985703.6926014,
2024-04-13 20:00:00+00:00,3010.029296875,-0.012084503787066825,1.0530465841293335,0.040258137596061006,17173.847801,452002877.5404024,
2024-04-14 00:00:00+00:00,2974.326904296875,-0.011668632536211754,1.029789686203003,-0.020879670662247052,35120.161680000005,452037997.7020824,
2024-04-14 04:00:00+00:00,3084.303955078125,0.03666470574609704,1.15144681930542,0.11437331825314778,80023.98013000001,452118021.6822124,
2024-04-14 08:00:00+00:00,3028.7216796875,-0.01806020780620554,1.0851316452026367,-0.05860793169359335,33963.32737400001,452151985.00958633,
2024-04-14 12:00:00+00:00,3057.1884765625,0.009391348821150669,1.1045137643814087,0.01796055140142805,64910.899727,452216895.9093134,
2024-04-14 16:00:00+00:00,3075.486083984375,0.006089845542135985,1.1352221965789795,0.029787228216065942,87579.09802799998,452304475.0073414,
2024-04-14 20:00:00+00:00,3155.755859375,0.026236597546692608,1.2066038846969604,0.06595187923646861,48129.280904,452352604.2882454,
2024-04-15 00:00:00+00:00,3148.51806640625,-0.0021768183384242024,1.1344484090805054,-0.06098195119970673,23056.654898999997,452375660.9431444,
2024-04-15 04:00:00+00:00,3247.97021484375,0.03146038528154638,1.16897451877594,0.030841002784924187,38107.997879,452413768.9410234,
2024-04-15 08:00:00+00:00,3234.6279296875,-0.0040696525598257205,1.1486091613769531,-0.017114662535170577,47436.496992,452461205.43801546,
2024-04-15 12:00:00+00:00,3160.996337890625,-0.022690514756993685,1.164994239807129,0.014542134545047603,60193.37238,452521398.8103954,
2024-04-15 16:00:00+00:00,3107.296142578125,-0.016782513895361006,1.0834721326828003,-0.0714672355412812,34544.796945,452555943.60734034,
2024-04-15 20:00:00+00:00,3101.7900390625,-0.0016622015026299675,1.055277705192566,-0.024844679476640263,41241.294964,452597184.9023043,
2024-04-16 00:00:00+00:00,3073.5966796875,-0.009081297961115786,1.033940076828003,-0.019726694622130392,77142.26016100001,452674327.1624653,
2024-04-16 04:00:00+00:00,3110.062255859375,0.012057799663785285,1.049835443496704,0.017499729648312035,16159.961656000003,452690487.1241213,
2024-04-16 08:00:00+00:00,3095.19384765625,-0.004576484952395932,1.0210016965866089,-0.027242112045031353,58235.60451399999,452748722.7286353,
2024-04-16 12:00:00+00:00,3019.14111328125,-0.024788992716965552,0.9206100702285767,-0.10166671522039783,23999.077999,452772721.8066344,
2024-04-16 16:00:00+00:00,3059.230224609375,0.013328955801740094,0.9578140377998352,0.040358580690280865,66337.569086,452839059.3757204,
2024-04-16 20:00:00+00:00,3085.2841796875,0.008565587018808718,0.9822866320610046,0.025949777928743978,11607.014076,452850666.3897964,
2024-04-17 00:00:00+00:00,3094.727783203125,0.0030681798609129007,1.0262340307235718,0.04471293187099823,28333.996433000004,452879000.3862294,
2024-04-17 04:00:00+00:00,3082.72705078125,-0.0038118043779015176,1.0042744874954224,-0.020896668555888565,32505.940006,452911506.3262354,
2024-04-17 08:00:00+00:00,3045.529296875,-0.012102354897531864,0.9534125924110413,-0.05152370000268336,17849.013533000005,452929355.3397684,
2024-04-17 12:00:00+00:00,2954.0771484375,-0.03020711794227504,0.9294080138206482,-0.025112173620188694,77872.856222,453007228.1959904,
2024-04-17 16:00:00+00:00,3005.96630859375,0.017619509221603713,0.9511141777038574,0.023653648922348225,48891.863222,453056120.0592124,
2024-04-17 20:00:00+00:00,2983.861083984375,-0.00725948642296026,0.9259369969367981,-0.026423091600703663,60305.164857,453116425.2240694,
2024-04-18 00:00:00+00:00,3025.59814453125,0.013919827869572021,0.9303844571113586,0.005049205848322247,56448.65264300001,453172873.8767125,
2024-04-18 04:00:00+00:00,2977.72265625,-0.015887273107212052,0.8405368328094482,-0.09948230450602658,32208.699211,453205082.5759234,
2024-04-18 08:00:00+00:00,3050.959228515625,0.024401636816679506,0.89436274766922,0.06280177401906428,43870.73353800001,453248953.3094614,
2024-04-18 12:00:00+00:00,3071.05126953125,0.006686300814943036,0.9177138805389404,0.026712454149771414,373553.87072,453622507.1801814,
2024-04-18 16:00:00+00:00,3063.1943359375,-0.0025170138096837213,0.9100087881088257,-0.007967799447812451,35590.590869,453658097.7710504,
2024-04-18 20:00:00+00:00,3065.543701171875,0.0007700958328920038,0.9117950201034546,0.0021298152243841573,29513.356497,453687611.1275474,
2024-04-19 00:00:00+00:00,2982.97265625,-0.026420685199876393,0.8647410869598389,-0.05139866739856991,19189.331749,453706800.4592964,
2024-04-19 04:00:00+00:00,3083.748046875,0.03384596125207895,0.9351752996444702,0.07999371658436727,13433.202745999999,453720233.6620424,
2024-04-19 08:00:00+00:00,3106.20556640625,0.007300873430929444,1.023688793182373,0.0925885034248346,22661.780165,453742895.44220734,
2024-04-19 12:00:00+00:00,3082.315185546875,-0.007700376966921052,1.009246587753296,-0.013919403976342948,17295.80621,453760191.2484174,
2024-04-19 16:00:00+00:00,3106.675048828125,0.007950040258823732,1.00669527053833,-0.0021111409784480006,71521.42819600001,453831712.6766134,
2024-04-19 20:00:00+00:00,3059.356201171875,-0.015234838347316093,0.9723110198974609,-0.03429299827247145,32653.734477000005,453864366.4110904,
2024-04-20 00:00:00+00:00,3056.16162109375,-0.0009956770931351944,1.000611662864685,0.030064821639405936,8847.684174999999,453873214.0952653,
2024-04-20 04:00:00+00:00,3062.0048828125,0.0019179449110370284,1.0058119297027588,0.0054434368647598985,45270.734597999995,453918484.82986337,
2024-04-20 08:00:00+00:00,3048.449951171875,-0.004419856186703042,0.9827061891555786,-0.022897693815168485,11717.290902,453930202.1207654,
2024-04-20 12:00:00+00:00,3109.264892578125,0.01985723818525864,1.0059956312179565,0.024053765554184925,17826.084796,453948028.2055614,
2024-04-20 16:00:00+00:00,3149.82177734375,0.013124320030780678,1.1020811796188354,0.09355098870107326,31822.461805,453979850.6673664,
2024-04-20 20:00:00+00:00,3155.5390625,0.0018218550778312803,1.0846529006958008,-0.015757936686563112,25627.715311,454005478.3826774,
2024-04-21 00:00:00+00:00,3170.1962890625,0.0047149478520702726,1.0848560333251953,0.0007169840553411522,3295.3121910000004,454008773.6948684,
2024-04-21 04:00:00+00:00,3181.319091796875,0.003505779882419846,1.0933082103729248,0.007915688039580648,12915.89411,454021689.5889784,
2024-04-21 08:00:00+00:00,3170.35693359375,-0.0034466682965367257,1.0966839790344238,0.0032865167545849117,20558.395355,454042247.9843333,
2024-04-21 12:00:00+00:00,3159.30224609375,-0.003470748557234282,1.0657532215118408,-0.028159767298356786,21261.803469000002,454063509.7878024,
2024-04-21 16:00:00+00:00,3145.944091796875,-0.00420580889524047,1.0426145792007446,-0.021569973654546493,65869.97375899999,454129379.7615613,
2024-04-21 20:00:00+00:00,3148.148193359375,0.0007061910614086786,1.0507748126983643,0.007840577248817038,17024.644097,454146404.4056583,
2024-04-22 00:00:00+00:00,3194.141845703125,0.01462140717071625,1.0815436840057373,0.02969817318601453,6593.7768049999995,454152998.1824633,
2024-04-22 04:00:00+00:00,3205.894287109375,0.0037428872430604887,1.0655404329299927,-0.014566587714834767,13996.006223000002,454166994.1886863,
2024-04-22 08:00:00+00:00,3195.174072265625,-0.003332963306643899,1.0548272132873535,-0.009941925090732218,14835.031425000001,454181829.2201113,
2024-04-22 12:00:00+00:00,3184.875732421875,-0.003211594806606044,1.044119954109192,-0.010090990070769745,53302.870795,454235132.0909063,
2024-04-22 16:00:00+00:00,3189.434814453125,0.0014573548992862229,1.0497769117355347,0.0055163157362612125,15811.367119,454250943.4580253,
2024-04-22 20:00:00+00:00,3201.1259765625,0.0037085701136250204,1.0481038093566895,-0.001289509824306756,25331.860543000006,454276275.3185683,
2024-04-23 00:00:00+00:00,3187.10546875,-0.004359989004272147,1.0188473463058472,-0.027881545932533003,21479.535369,454297754.85393727,
2024-04-23 04:00:00+00:00,3161.77783203125,-0.007952663458083986,0.982825756072998,-0.035602617715587925,8010.2627489999995,454305765.1166862,
2024-04-23 08:00:00+00:00,3178.788818359375,0.00538626930215369,0.9845903515815735,0.001999408008893422,16470.233392000002,454322235.3500782,
2024-04-23 12:00:00+00:00,3225.2724609375,0.014655275898071807,0.9816541075706482,-0.0023632836736936502,30124.111295,454352359.46137327,
2024-04-23 16:00:00+00:00,3216.737060546875,-0.0026345051987026746,0.97028648853302,-0.011611978554299074,22555.924821,454374915.3861942,
2024-04-23 20:00:00+00:00,3219.5556640625,0.0008842157945568863,0.9382633566856384,-0.0333481547675768,35989.422155,454410904.80834925,
2024-04-24 00:00:00+00:00,3237.323486328125,0.00551564955160333,0.9482243061065674,0.010777562242385907,14278.973700000002,454425183.7820492,
2024-04-24 04:00:00+00:00,3251.002197265625,0.004285949787842247,0.9573496580123901,0.009875292404563418,33714.387604,454458898.1696531,
2024-04-24 08:00:00+00:00,3281.924560546875,0.009485689097209926,0.9774847626686096,0.021094668992043264,18729.061607,454477627.23126006,
2024-04-24 12:00:00+00:00,3172.913818359375,-0.033613342351542785,0.8897714018821716,-0.09266669837548291,11085.665979000001,454488712.8972391,
2024-04-24 16:00:00+00:00,3133.7451171875,-0.01230331420009112,0.8986901044845581,0.010114015552782019,4698784.065343,459187496.9625821,
2024-04-24 20:00:00+00:00,3139.8076171875,0.0019651318731424006,0.8737351894378662,-0.02776677602150157,192667.209317,459380164.1718992,
2024-04-25 00:00:00+00:00,3146.774658203125,0.0022385892187053447,0.8613462448120117,-0.01412849344895184,19068.438746999993,459399232.6106461,
2024-04-25 04:00:00+00:00,3135.970458984375,-0.003412982219723304,0.8463537693023682,-0.01744580533946738,29237.670293999992,459428470.28094006,
2024-04-25 08:00:00+00:00,3112.5810546875,-0.007304525641984805,0.857461154460907,0.013683738938608636,6087.178819,459434557.4597591,
2024-04-25 12:00:00+00:00,3155.229736328125,0.0137127310486439,0.8859172463417053,0.03371686418486297,12400.148405,459446957.608164,
2024-04-25 16:00:00+00:00,3161.62109375,0.0020339492233641954,0.8876422047615051,0.0019830196443356707,18458.469944,459465416.078108,
2024-04-25 20:00:00+00:00,3157.79443359375,-0.0011933410063514893,0.8707992434501648,-0.01902689125656487,1785.8304140000002,459467201.90852207,
2024-04-26 00:00:00+00:00,3140.87939453125,-0.005352594764707952,0.8520222306251526,-0.021463614448184565,30007.214457000002,459497209.122979,
2024-04-26 04:00:00+00:00,3137.200927734375,-0.0011523071436595478,0.8329669237136841,-0.022392305564885695,68832.03880400001,459566041.161783,
2024-04-26 08:00:00+00:00,3128.544921875,-0.0027220517912004416,0.8465990424156189,0.01643520997595782,6128.452756999998,459572169.61454,
2024-04-26 12:00:00+00:00,3117.013427734375,-0.0036428584318773938,0.8271253705024719,-0.022816166231610202,26535.429963000002,459598705.04450303,
2024-04-26 16:00:00+00:00,3143.174560546875,0.00838576921712264,0.8384802937507629,0.014126370882433403,20019.223221,459618724.267724,
2024-04-26 20:00:00+00:00,3130.2158203125,-0.004103875928487932,0.8230819702148438,-0.018353167135093384,15738.371498,459634462.639222,
2024-04-27 00:00:00+00:00,3122.386474609375,-0.002402253226842621,0.809352695941925,-0.015700233119441576,24434.187815,459658896.8270369,
2024-04-27 04:00:00+00:00,3119.1494140625,-0.001030756754432538,0.816318154335022,0.008733954630933294,3623.052531,459662519.8795679,
2024-04-27 08:00:00+00:00,3123.376708984375,0.0013654818258050927,0.8070803284645081,-0.01117468187862547,33499.637298999995,459696019.51686686,
2024-04-27 12:00:00+00:00,3141.2021484375,0.005708979633554212,0.8058055639266968,-0.0012053271979383107,99398.74556000001,459795418.26242685,
2024-04-27 16:00:00+00:00,3234.15087890625,0.029701488011235955,0.827837347984314,0.02777846430828912,45726.304658,459841144.5670849,
2024-04-27 20:00:00+00:00,3253.712158203125,0.006038313927499317,0.840201735496521,0.015092793187223452,7307.3485949999995,459848451.9156799,
2024-04-28 00:00:00+00:00,3308.06640625,0.016667319932737845,0.8593571782112122,0.02270264703838143,6034.617536,459854486.5332159,
2024-04-28 04:00:00+00:00,3315.238525390625,0.002178430935677267,0.8541452288627625,-0.006046606677266975,8372.253295000002,459862858.7865109,
2024-04-28 08:00:00+00:00,3283.814208984375,-0.009508145418957281,0.8410850167274475,-0.015211091563798407,14699.046726,459877557.8332369,
2024-04-28 12:00:00+00:00,3319.5302734375,0.010845295328632654,0.861365795135498,0.023974154112274215,7297.965732000001,459884855.798969,
2024-04-28 16:00:00+00:00,3318.710693359375,-0.00020655862456364638,0.8834720253944397,0.025487932400650504,57350.393796,459942206.192765,
2024-04-28 20:00:00+00:00,3263.27880859375,-0.016797758481422065,0.8470828533172607,-0.041646560769049934,18580.427279999996,459960786.62004495,
2024-04-29 00:00:00+00:00,3180.528076171875,-0.025450399388272316,0.8131564259529114,-0.04033801460571573,15984.309818999998,459976770.929864,
2024-04-29 04:00:00+00:00,3184.864990234375,0.0014185308616944114,0.7922723889350891,-0.025528199356867565,23283.249767000005,460000054.179631,
2024-04-29 08:00:00+00:00,3158.619873046875,-0.008248550563579204,0.7875539660453796,-0.00595706081075742,8987.021666,460009041.201297,
2024-04-29 12:00:00+00:00,3181.1494140625,0.007301048375764951,0.8889794945716858,0.12388738229137486,44707.99254,460053749.19383705,
2024-04-29 16:00:00+00:00,3180.463134765625,-0.00017404609459392706,0.8880230188369751,0.0003400605215186925,15385.668089,460069134.8619261,
2024-04-29 20:00:00+00:00,3215.36962890625,0.010998586822922651,0.9292566776275635,0.04685807711949197,20508.612131,460089643.4740571,
2024-04-30 00:00:00+00:00,3179.776123046875,-0.010937852572085904,0.8919966220855713,-0.040612423580011714,17879.849934,460107523.3239911,
2024-04-30 04:00:00+00:00,3156.02001953125,-0.007483422545698448,0.8869112133979797,-0.005339961894456846,24401.999622,460131925.32361305,
2024-04-30 08:00:00+00:00,3008.985595703125,-0.04723339812593219,0.8127526640892029,-0.08547478633981154,13621.413693999995,460145546.737307,
2024-04-30 12:00:00+00:00,2994.008056640625,-0.004895451769926451,0.8139998316764832,0.0016166536973271084,25895.090928999998,460171441.828236,
2024-04-30 16:00:00+00:00,2918.228759765625,-0.025483547542006102,0.8047966361045837,-0.01133883139290448,42779.295284,460214221.12352,
2024-04-30 20:00:00+00:00,3014.131591796875,0.03250689733074297,0.8147408962249756,0.01240821003301551,25198.058025,460239419.181545,
2024-05-01 00:00:00+00:00,3000.945068359375,-0.004340380579883507,0.8004336357116699,-0.01732918484234791,34594.210429,460274013.391974,
2024-05-01 04:00:00+00:00,2866.461181640625,-0.04532147389753172,0.7525302171707153,-0.06116369072808059,21115.52201,460295128.913984,
2024-05-01 08:00:00+00:00,2899.53857421875,0.011512923836856426,0.8148640394210815,0.08106390376784223,6699.741085000001,460301828.655069,
2024-05-01 12:00:00+00:00,2882.199951171875,-0.005888375473624197,0.7798038721084595,-0.043661238894456944,33085.912557,460334914.567626,
2024-05-01 16:00:00+00:00,2916.78271484375,0.012645844908138026,0.7796586751937866,0.0027084714660275955,32954.3713,460367868.938926,
2024-05-01 20:00:00+00:00,2971.200927734375,0.018557328745739787,0.7991558909416199,0.024820922370369702,18311.510205000002,460386180.44913095,
2024-05-02 00:00:00+00:00,2928.747802734375,-0.014257587258525883,0.7768951058387756,-0.027960911062987592,16398.233826,460402578.6829569,
2024-05-02 04:00:00+00:00,2919.88232421875,-0.0030166100931267037,0.7928361892700195,0.020468936666882542,10461.198779999999,460413039.8817369,
2024-05-02 08:00:00+00:00,2995.20263671875,0.0255730893802677,0.8171254992485046,0.03049872292031619,5210.394811,460418250.2765479,
2024-05-02 12:00:00+00:00,2989.904296875,-0.001696271890589629,0.8182349801063538,0.001531318768437595,17333.844018,460435584.1205658,
2024-05-02 16:00:00+00:00,2994.5498046875,0.0015619097895005485,0.81610107421875,-0.0024731927163187395,7008.215554,460442592.33611983,
2024-05-02 20:00:00+00:00,2988.191162109375,-0.002114705673077477,0.797362744808197,-0.02293645938021238,168.140702,460442760.4768218,
2024-05-03 00:00:00+00:00,3009.895263671875,0.0072725768876543695,0.8128567934036255,0.01937233032594199,0.0,,
2024-05-03 04:00:00+00:00,2968.550537109375,-0.013800376937529779,0.7959869503974915,-0.020901374991108446,0.0,,
2024-05-03 08:00:00+00:00,2979.8779296875,0.0038310920722925967,0.7909483313560486,-0.0062157647148546324,0.0,,
2024-05-03 12:00:00+00:00,3081.0595703125,0.033627478722376924,0.8431354761123657,0.06460542390768276,0.0,,
2024-05-03 16:00:00+00:00,3073.43701171875,-0.002450736288586719,0.8526245951652527,0.011464165520218117,0.0,,
2024-05-03 20:00:00+00:00,3103.584716796875,0.009853360236327324,0.8503494262695312,-0.0026470265351020705,9081122.77905905,469523883.2558809,
2024-05-04 00:00:00+00:00,3111.604736328125,0.002610658137072175,0.8341056108474731,-0.018984828911543516,4748670.050354041,474272553.30623496,
2024-05-04 04:00:00+00:00,3097.282470703125,-0.004598558840190892,0.837737500667572,0.004418305563005043,2074982.3414483434,476347535.6476833,
2024-05-04 08:00:00+00:00,3129.96484375,0.01073325519605417,0.8430601954460144,0.006938078726926311,2819886.8060572855,479167422.4537407,
2024-05-04 12:00:00+00:00,3127.48828125,-0.0007465187949518004,0.8357828855514526,-0.008583837563402308,964420.2518357575,480131842.7055765,
2024-05-04 16:00:00+00:00,3138.701416015625,0.00359032000837034,0.8417968153953552,0.007255714383542999,2284373.458494315,482416216.1640707,
2024-05-04 20:00:00+00:00,3117.72021484375,-0.006685121570165209,0.8269611597061157,-0.017730962624221136,433517.8731021692,482849734.03717285,
2024-05-05 00:00:00+00:00,3087.239013671875,-0.009800987502257552,0.7995745539665222,-0.033477845315502575,382787.5941921107,483232521.631365,
2024-05-05 04:00:00+00:00,3106.69970703125,0.006298038033449971,0.8024579286575317,0.003615413189590355,112696.72284400005,483345218.35420907,
2024-05-05 08:00:00+00:00,3137.62353515625,0.010051793545904797,0.807080090045929,0.005863252078388781,228863.51000724453,483574081.86421627,
2024-05-05 12:00:00+00:00,3164.36669921875,0.008499979205757402,0.8165722489356995,0.011829593413780648,151556.39751079568,483725638.2617271,
2024-05-05 16:00:00+00:00,3143.23583984375,-0.00667859053902653,0.8099241256713867,-0.008108036475189873,350269.85844837414,484075908.1201755,
2024-05-05 20:00:00+00:00,3137.7685546875,-0.0017375501564588225,0.8119879961013794,0.0025906084468428903,135955.19264504893,484211863.3128205,
2024-05-06 00:00:00+00:00,3134.58935546875,-0.0010016495601724573,0.8703144788742065,0.07040911309547104,118797.55519451262,484330660.8680151,
2024-05-06 04:00:00+00:00,3179.914794921875,0.014404223288597029,0.9105528593063354,0.045618437934701106,1077553.9362473236,485408214.8042624,
2024-05-06 08:00:00+00:00,3151.671875,-0.00875533473286616,0.9151681661605835,0.0057568420238337525,1197277.8420030286,486605492.6462654,
2024-05-06 12:00:00+00:00,3091.793701171875,-0.018945788453183288,0.880070149898529,-0.03780420199133905,1932288.3392456723,488537780.9855111,
2024-05-06 16:00:00+00:00,3069.11181640625,-0.007334605815677353,0.8616904020309448,-0.020961978739103326,473128.9061998775,489010909.891711,
2024-05-06 20:00:00+00:00,3063.48828125,-0.0018060435905502548,0.8924744725227356,0.03546960410532307,47263.486225777735,489058173.3779368,
2024-05-07 00:00:00+00:00,3048.448486328125,-0.0048209260536027365,0.8700202107429504,-0.024518341187686588,96877.65237972155,489155051.0303166,
2024-05-07 04:00:00+00:00,3077.88623046875,0.00963107860753143,0.8881471753120422,0.02115829404920344,118769.93215720449,489273820.96247375,
2024-05-07 08:00:00+00:00,3065.612060546875,-0.003818351464241143,0.8934074640274048,0.006501823150583452,1169420.964322656,490443241.9267964,
2024-05-07 12:00:00+00:00,3071.344482421875,0.0019398487153773347,0.971777081489563,0.08667947673495124,815174.0850392012,491258416.0118356,
2024-05-07 16:00:00+00:00,3047.540771484375,-0.007766641575027711,0.9327085614204407,-0.04062259700672277,262343.34441447596,491520759.3562501,
2024-05-07 20:00:00+00:00,3006.80712890625,-0.013392588500546032,0.9195123314857483,-0.014048761535216947,35628.34152633333,491556387.6977764,
2024-05-08 00:00:00+00:00,3031.19287109375,0.008089309988131843,0.9206368327140808,0.0016566797677541878,64226.974324439594,491620614.6721008,
2024-05-08 04:00:00+00:00,2994.90576171875,-0.011990692427784166,0.8958758115768433,-0.027129586299847408,21371.183672333336,491641985.8557732,
2024-05-08 08:00:00+00:00,2991.765625,-0.0010345012478535365,0.9231256246566772,0.030538628057536044,113994.32075224473,491755980.17652535,
2024-05-08 12:00:00+00:00,3006.426025390625,0.004946794120085918,0.8925264477729797,-0.03340892191236822,50607.44802570078,491806587.6245511,
2024-05-08 16:00:00+00:00,2999.44287109375,-0.002317780470229902,0.9012077450752258,0.00973754076284905,755527.3405863328,492562114.9651374,
2024-05-08 20:00:00+00:00,2972.27685546875,-0.008937018062770363,0.8752835392951965,-0.027888709561584624,4204.5413866586605,492566319.50652415,
2024-05-09 00:00:00+00:00,2997.920654296875,0.008606869939274508,0.8957448601722717,0.023254877773450033,111932.44774566633,492678251.95426977,
2024-05-09 04:00:00+00:00,2981.9970703125,-0.0052940596446590105,0.8682401776313782,-0.030956228567554644,71626.46581140517,492749878.42008126,
2024-05-09 08:00:00+00:00,2976.402587890625,-0.0018382489267030344,0.8651071190834045,-0.003563019501353182,155328.71357872637,492905207.13366,
2024-05-09 12:00:00+00:00,3004.830322265625,0.00956607757579464,0.8764515519142151,0.013464631865380716,34815.915960228995,492940023.0496202,
2024-05-09 16:00:00+00:00,3019.5673828125,0.00490627006441513,0.8778095245361328,0.001707629064727878,9318.728621666667,492949341.7782419,
2024-05-09 20:00:00+00:00,3036.275390625,0.0055823942934524196,0.8937161564826965,0.018116178055873178,62473.95093587572,493011815.7291778,
2024-05-10 00:00:00+00:00,3028.966552734375,-0.002395264301544464,0.900968074798584,0.008156867774563481,14201.321774935699,493026017.0509527,
2024-05-10 04:00:00+00:00,3044.61083984375,0.005167912608260328,0.892791748046875,-0.008887139484203388,12434.854693666664,493038451.9056463,0.6695
2024-05-10 08:00:00+00:00,3037.23779296875,-0.002414453220933477,0.9335421919822693,0.04489977675776591,1054389.9206144472,494092841.8262608,0.66225
2024-05-10 12:00:00+00:00,2919.21240234375,-0.03925595114521163,0.8572301268577576,-0.08359842939060436,18993.578771343644,494111835.40503216,0.676525
2024-05-10 16:00:00+00:00,2902.634033203125,-0.005620276181182771,0.845564603805542,-0.013391737834336781,13287.419629333337,494125122.82466143,0.6616
2024-05-10 20:00:00+00:00,2909.651123046875,0.0024352819425814687,0.8502524495124817,0.005554917875053911,5535.529790333339,494130658.3544518,0.65425
2024-05-11 00:00:00+00:00,2910.366455078125,0.0002506851922891018,0.8583067655563354,0.009462655643401874,16918.400615861297,494147576.7550677,0.664875
2024-05-11 04:00:00+00:00,2920.885498046875,0.0036098543948324124,0.8587448000907898,0.0005726103376789693,11759.333558602213,494159336.0886263,0.65915
2024-05-11 08:00:00+00:00,2902.998779296875,-0.006135788034067113,0.8440203666687012,-0.017246513026582977,140712.10047700087,494300048.18910336,0.6825
2024-05-11 12:00:00+00:00,2926.215576171875,0.008016489584604325,0.8635788559913635,0.023026325200224296,5129.436657666666,494305177.625761,0.68735
2024-05-11 16:00:00+00:00,2930.48583984375,0.001464651910650261,0.854173481464386,-0.01091009124661102,96840.93192593844,494402018.5576869,0.6651750000000001
2024-05-11 20:00:00+00:00,2910.509033203125,-0.006833093913885868,0.8401591181755066,-0.016508780328579498,91363.37997702077,494493381.937664,0.665125
2024-05-12 00:00:00+00:00,2920.20654296875,0.003338029837692491,0.843408465385437,0.003886413771086783,7351.438647548871,494500733.37631154,0.66115
2024-05-12 04:00:00+00:00,2904.815673828125,-0.005264495014233206,0.8396279811859131,-0.004435682409678399,5038.673853000003,494505772.05016446,0.67425
2024-05-12 08:00:00+00:00,2926.409423828125,0.007422150227703983,0.8484456539154053,0.010482412155205845,17917.07472200001,494523689.1248865,0.6838500000000001
2024-05-12 12:00:00+00:00,2936.374267578125,0.0034095616232899806,0.8443461656570435,-0.004813335199875923,8733.294793999996,494532422.4196805,0.700975
2024-05-12 16:00:00+00:00,2927.96630859375,-0.0028515818937995263,0.8339728713035583,-0.012334140058266718,227197.15318412666,494759619.5728647,0.69455
2024-05-12 20:00:00+00:00,2930.855224609375,0.0009898784969802898,0.8303555846214294,-0.0043054148273512505,4191.666379666663,494763811.23924434,0.6832
2024-05-13 00:00:00+00:00,2887.42822265625,-0.014854680220444894,0.7955244779586792,-0.04255088244013816,28958.799904964733,494792770.0391493,0.6875249999999999
2024-05-13 04:00:00+00:00,2954.00537109375,0.022992050568071853,0.8176590800285339,0.027630704019106167,22862.51181952792,494815632.5509688,0.6972
2024-05-13 08:00:00+00:00,2964.2451171875,0.0035213085074519146,0.8020353317260742,-0.018792288704152837,31575.73970891488,494847208.2906777,0.6793750000000001
2024-05-13 12:00:00+00:00,2960.69677734375,-0.0011868599850201056,0.7834692597389221,-0.02264641710799442,3924.2612246666704,494851132.5519024,0.6672
2024-05-13 16:00:00+00:00,2953.108642578125,-0.002489351086474967,0.767439603805542,-0.020294012672735784,21621.3602863333,494872753.9121888,0.677125
2024-05-13 20:00:00+00:00,2949.75927734375,-0.0011261031898134322,0.7672584056854248,-0.00018863605312169351,6715.992653909329,494879469.90484273,0.6990999999999999
2024-05-14 00:00:00+00:00,2939.92431640625,-0.00333260908639077,0.766437292098999,-0.0008714492736544566,53725.66432999999,494933195.5691728,0.698325
2024-05-14 04:00:00+00:00,2917.78955078125,-0.007516863508411964,0.7547103762626648,-0.015105450928325381,6801.688259333337,494939997.2574321,0.675925
2024-05-14 08:00:00+00:00,2905.82958984375,-0.004100776427742092,0.7250784635543823,-0.03977906553225108,25207.53652751897,494965204.7939596,0.686275
2024-05-14 12:00:00+00:00,2899.285888671875,-0.002239108184478922,0.6983343958854675,-0.03733605486044034,45349.37462800004,495010554.1685876,0.69855
2024-05-14 16:00:00+00:00,2891.341796875,-0.002713286342595045,0.6974735260009766,-0.0009878880219472697,53202.03857806543,495063756.2071656,0.6866
2024-05-14 20:00:00+00:00,2881.265625,-0.003483994551359948,0.6918216943740845,-0.00810156689749042,11579.881576592154,495075336.0887423,0.673125
2024-05-15 00:00:00+00:00,2901.4306640625,0.007018045375311255,0.7071908116340637,0.02213195139797053,2278.416547000003,495077614.50528926,0.6753750000000001
2024-05-15 04:00:00+00:00,2915.933837890625,0.004993950251434676,0.70206218957901,-0.007221699751724819,11170.682992000493,495088785.1882812,0.6746
2024-05-15 08:00:00+00:00,2897.14794921875,-0.006412837583464559,0.6743361949920654,-0.039405405576516395,5513.518743333333,495094298.7070246,0.681625
2024-05-15 12:00:00+00:00,2975.68896484375,0.02691897306164459,0.7226824760437012,0.07174970628590416,24263.36479904187,495118562.0718236,0.678025
2024-05-15 16:00:00+00:00,3023.9697265625,0.016142258074354432,0.7347946166992188,0.0169452518393981,3770.7926023333334,495122332.864426,0.6613749999999999
2024-05-15 20:00:00+00:00,3036.393798828125,0.004125629710162504,0.735039234161377,0.0006325171072869562,12612.106615666673,495134944.9710416,0.673
2024-05-16 00:00:00+00:00,3014.501220703125,-0.0072131969168321985,0.7399094104766846,0.006904681050509676,30770.417031888872,495165715.38807344,0.66155
2024-05-16 04:00:00+00:00,3015.45654296875,0.0003212086417746507,0.7304571866989136,-0.012687784570893368,4046.3147058340865,495169761.7027793,0.666375
2024-05-16 08:00:00+00:00,3006.114501953125,-0.0030933454753693246,0.7190673351287842,-0.01560006711501205,12107.286920277009,495181868.98969954,0.6582749999999999
2024-05-16 12:00:00+00:00,2957.137939453125,-0.016289107471816555,0.6646056175231934,-0.07734316287798737,74767.65005599995,495256636.6397556,0.6481
2024-05-16 16:00:00+00:00,2946.411376953125,-0.0036278881516118577,0.6734985709190369,0.013377732267277564,13412.757722666667,495270049.3974782,0.65935
2024-05-16 20:00:00+00:00,2943.8408203125,-0.0008672543941024013,0.6731038689613342,-0.0005793421286324207,9853.643438517063,495279903.0409168,0.653925
2024-05-17 00:00:00+00:00,2950.336669921875,0.0022100352860269235,0.6885699033737183,0.022965507483291403,22395.53199960917,495302298.5729165,0.663975
2024-05-17 04:00:00+00:00,3025.28076171875,0.025324814462127976,0.7092804312705994,0.0299808010099476,24441.4057076667,495326739.9786241,0.6575500000000001
2024-05-17 08:00:00+00:00,3030.935546875,0.001871297363083002,0.7042632699012756,-0.007081172382344292,3971.748431666667,495330711.7270557,0.67245
2024-05-17 12:00:00+00:00,3112.46630859375,0.026790703741873423,0.7415813207626343,0.052820598945424124,22215.406554622205,495352927.1336103,0.645725
2024-05-17 16:00:00+00:00,3083.609375,-0.00929891633487323,0.7177132368087769,-0.03240870925208961,69549.41681733337,495422476.5504277,0.652775
2024-05-17 20:00:00+00:00,3093.89306640625,0.0033339247483774592,0.7203881740570068,0.0038739648810193206,7209.393424563385,495429685.94385225,0.6651750000000001
2024-05-18 00:00:00+00:00,3116.386474609375,0.007260326041979681,0.7244026064872742,0.00570247297761961,12363.945590166722,495442049.8894424,0.69035
2024-05-18 04:00:00+00:00,3101.74560546875,-0.004698866238944999,0.7286531925201416,0.005968104481235081,8046.32838366667,495450096.21782607,0.682125
2024-05-18 08:00:00+00:00,3137.06494140625,0.011347534068052556,0.7817968726158142,0.07168683663177056,1342.1908916666669,495451438.40871775,0.718875
2024-05-18 12:00:00+00:00,3111.644287109375,-0.008113987469939965,0.7603247165679932,-0.027392990214272772,7069.930338948284,495458508.33905673,0.74685
2024-05-18 16:00:00+00:00,3120.991455078125,0.003002265052523656,0.761699378490448,0.00201258512934932,520.776408,495459029.1154647,0.747925
2024-05-18 20:00:00+00:00,3122.875,0.0006079644497298808,0.7551188468933105,-0.008637298560881246,40996.488651,495500025.6041157,0.7621
2024-05-19 00:00:00+00:00,3129.9755859375,0.0022853871457220176,0.7446339726448059,-0.01387170222053602,6642.004235142676,495506667.6083509,0.744525
2024-05-19 04:00:00+00:00,3116.6689453125,-0.00425158235505696,0.736787736415863,-0.010551689658539476,4002.211376000003,495510669.8197269,0.73095
2024-05-19 08:00:00+00:00,3102.92138671875,-0.004415951216396485,0.7290569543838501,-0.010473069815255864,8493.53128365271,495519163.35101056,0.76405
2024-05-19 12:00:00+00:00,3078.896728515625,-0.0077421528720452715,0.7155585885047913,-0.01855468402439664,7580.612245035227,495526743.9632557,0.778125
2024-05-19 16:00:00+00:00,3064.80322265625,-0.00456285261660494,0.7071391344070435,-0.011706532296222982,137633.88866000035,495664377.85191566,0.804925
2024-05-19 20:00:00+00:00,3072.527587890625,0.0025317023564599417,0.7122687101364136,0.007237134205442031,10378.007359227746,495674755.8592748,0.79695
2024-05-20 00:00:00+00:00,3087.66650390625,0.004926396556334978,0.7181934118270874,0.008533632178521544,433.12321700000024,495675188.9824918,0.77885
2024-05-20 04:00:00+00:00,3093.59521484375,0.0021641756915985466,0.7109594941139221,-0.00985502195492749,10173.029231,495685362.01172286,0.758925
2024-05-20 08:00:00+00:00,3093.109130859375,-0.00014190415370529674,0.7272448539733887,0.022962918817299505,33849.72575313997,495719211.737476,0.773325
2024-05-20 12:00:00+00:00,3117.689208984375,0.007964821963174273,0.7287657260894775,0.002361446095114794,82896.49051649413,495802108.2279925,0.7311000000000001
2024-05-20 16:00:00+00:00,3440.10693359375,0.10243771049226291,0.7977108955383301,0.09275831696378778,8233.193091333333,495810341.4210839,0.75295
2024-05-20 20:00:00+00:00,3660.17333984375,0.06294870845924505,0.8348913788795471,0.046179726089172646,14863.04469317106,495825204.465777,0.810425
2024-05-21 00:00:00+00:00,3701.21630859375,0.011198877503149518,0.8706087470054626,0.04257193194960651,355464.2583651309,496180668.7241422,0.806725
2024-05-21 04:00:00+00:00,3658.843017578125,-0.011423704189397643,0.8500801920890808,-0.02344713212528149,17108.44057966667,496197777.16472185,0.79955
2024-05-21 08:00:00+00:00,3783.566162109375,0.03375390395861988,0.8960609436035156,0.05429511462094716,47821.01853222724,496245598.18325406,0.762575
2024-05-21 12:00:00+00:00,3768.30078125,-0.004019823568609526,0.8627157807350159,-0.037306642881281826,42787.84525466667,496288386.0285087,0.74805
2024-05-21 16:00:00+00:00,3715.196533203125,-0.014148508821329675,0.8614286780357361,-0.0008565607858498359,76663.46429226946,496365049.4928009,0.788675
2024-05-21 20:00:00+00:00,3789.12109375,0.019909847638684197,0.8863998055458069,0.02888230927035529,5334.0315763481085,496370383.5243772,0.79075
2024-05-22 00:00:00+00:00,3793.753173828125,0.0012253657207177415,0.8626130819320679,-0.02689432614570031,28485.057269539142,496398868.5816468,0.77915
2024-05-22 04:00:00+00:00,3748.48046875,-0.011935019170136063,0.8498232364654541,-0.014548525066843121,634.466455666667,496399503.0481024,0.79145
2024-05-22 08:00:00+00:00,3704.638916015625,-0.011667006804155333,0.8296727538108826,-0.023805376415126922,67830.27701366664,496467333.3251161,0.765675
2024-05-22 12:00:00+00:00,3762.962158203125,0.01584798084678174,0.852914035320282,0.028440364774847016,15222.0962223333,496482555.4213384,0.795975
2024-05-22 16:00:00+00:00,3733.200927734375,-0.007917233884560115,0.8429097533226013,-0.011696348751436658,4746.738424333334,496487302.15976274,0.76675
2024-05-22 20:00:00+00:00,3739.32763671875,0.0017013394977940521,0.8508274555206299,0.010130725588166634,3994.32828366667,496491296.48804647,0.790625
2024-05-23 00:00:00+00:00,3779.50634765625,0.01071121720988999,0.8435787558555603,-0.00846485351556936,1271.6379896666667,496492568.1260361,0.782125
2024-05-23 04:00:00+00:00,3812.477783203125,0.008761025966235403,0.8474887013435364,0.0049449388347767576,592.6151886666667,496493160.7412248,0.76995
2024-05-23 08:00:00+00:00,3910.954833984375,0.025734048044746105,0.8553193807601929,0.009480452250436255,9703.508639,496502864.2498637,0.7583
2024-05-23 12:00:00+00:00,3816.556640625,-0.024007800593873085,0.8606293201446533,0.007448013263235076,53237.06840533337,496556101.31826913,0.790125
2024-05-23 16:00:00+00:00,3786.02880859375,-0.008003344691085212,0.8794263005256653,0.022059792479917295,11952.94382466666,496568054.2620938,0.81
2024-05-23 20:00:00+00:00,3777.575927734375,-0.0019040933842946473,0.8644840121269226,-0.0165749504773971,2304.29098333333,496570358.5530771,0.871675
2024-05-24 00:00:00+00:00,3800.554931640625,0.006142958565481527,0.9088908433914185,0.05097175889341432,12.329189,496570370.8822661,0.8624
2024-05-24 04:00:00+00:00,3676.090087890625,-0.03302464109395764,0.8418547511100769,-0.07536170429292643,10176.890951480951,496580547.7732176,0.830825
2024-05-24 08:00:00+00:00,3711.4130859375,0.009579511500584892,0.8616432547569275,0.023474929343864193,752.237598333333,496581300.0108159,0.87
2024-05-24 12:00:00+00:00,3694.07177734375,-0.004633389683957545,0.8786013126373291,0.019768427639159536,85158.398523,496666458.4093388,0.900725
2024-05-24 16:00:00+00:00,3741.744384765625,0.012969871029106517,0.8518097400665283,-0.030681275244137107,10800.876439999996,496677259.2857789,0.90625
2024-05-24 20:00:00+00:00,3726.80126953125,-0.003996299708838524,0.8494622111320496,-0.002731309500771939,33292.91765466663,496710552.2034336,0.8205
2024-05-25 00:00:00+00:00,3744.3798828125,0.004730078036580321,0.8670868277549744,0.02060616152477368,420.814164,496710973.0175976,0.817725
2024-05-25 04:00:00+00:00,3746.06982421875,0.00048460794114102423,0.9315392374992371,0.0730348646281288,3334.5016850000006,496714307.5192825,0.877825
2024-05-25 08:00:00+00:00,3741.174072265625,-0.0012699202599731896,0.9121208190917969,-0.020447653032483637,11705.481625947912,496726013.0009084,0.91755
2024-05-25 12:00:00+00:00,3743.1123046875,0.0005277809874726369,0.9353947639465332,0.025405314741163254,1446.443361,496727459.4442695,0.887275
2024-05-25 16:00:00+00:00,3757.575927734375,0.0038703373547772646,0.9382945895195007,0.0031612096051931715,4464.10274202278,496731923.5470115,0.8501
2024-05-25 20:00:00+00:00,3750.240234375,-0.0019428792086806368,0.9125314354896545,-0.02761856945991714,63572.6404896667,496795496.1875012,0.82105
2024-05-26 00:00:00+00:00,3769.44140625,0.005158819792817182,0.9233858585357666,0.012053071368182122,908.540555,496796404.7280562,0.80885
2024-05-26 04:00:00+00:00,3785.03076171875,0.004173335903006503,0.9136270880699158,-0.01043514635548215,147278.2341753333,496943682.9622315,0.810175
2024-05-26 08:00:00+00:00,3805.697265625,0.005454055551804893,0.9156375527381897,0.002268238359001029,28556.299575333338,496972239.2618069,0.815125
2024-05-26 12:00:00+00:00,3833.234619140625,0.00730680550353946,0.9512539505958557,0.038670637196385416,19835.84331933333,496992075.1051262,0.823875
2024-05-26 16:00:00+00:00,3871.855224609375,0.010089463114638098,0.926842987537384,-0.025184881067720988,6583.145807826834,496998658.250934,0.8329
2024-05-26 20:00:00+00:00,3825.5595703125,-0.012010365289539249,0.9214012622833252,-0.00582288361451222,189016.811499,497187675.062433,0.8453999999999999
2024-05-27 00:00:00+00:00,3916.763427734375,0.023658348845904342,0.9449195265769958,0.02567108773507809,24062.207434333366,497211737.26986736,0.853725
2024-05-27 04:00:00+00:00,3914.433837890625,-0.0005624971823310343,0.9187023639678955,-0.027783452489292926,2788.4314793552994,497214525.7013467,0.905025
2024-05-27 08:00:00+00:00,3898.732177734375,-0.004016857020118558,0.9117904901504517,-0.0075256328565207475,256.534258,497214782.2356047,0.910425
2024-05-27 12:00:00+00:00,3957.84375,0.015076974810589894,0.9136806130409241,0.0023771830510367353,11186.04669051835,497225968.2822952,0.92245
2024-05-27 16:00:00+00:00,3875.604736328125,-0.02091130154318832,0.9135043025016785,0.0002110418775299605,14702.97488133333,497240671.2571766,0.89195
2024-05-27 20:00:00+00:00,3894.237060546875,0.004805339164721478,0.920253574848175,0.007419872219593282,3849.61,497244520.8671766,0.8943
2024-05-28 00:00:00+00:00,3846.191650390625,-0.012351608300667283,0.8808785676956177,-0.04342899956116342,8847.38039846341,497253368.24757504,0.9041250000000001
2024-05-28 04:00:00+00:00,3845.22119140625,-0.00023096624232199492,0.892602264881134,0.01351795723577709,1235.887122,497254604.1346971,0.9371
2024-05-28 08:00:00+00:00,3898.70751953125,0.013852185650198301,0.9089235067367554,0.018448770006201487,3849.61,497258453.7446971,0.867175
2024-05-28 12:00:00+00:00,3857.10791015625,-0.010686492569295991,0.9014430046081543,-0.008240934173861292,9220.565266333331,497267674.3099634,0.889575
2024-05-28 16:00:00+00:00,3837.00732421875,-0.005078473369647285,0.9049389958381653,0.0044316553376082535,15775.963267858577,497283450.27323127,0.874625
2024-05-28 20:00:00+00:00,3839.238525390625,0.000616624557845391,0.8926935195922852,-0.013522528215792251,354535.5552156669,497637985.8284469,0.8502000000000001
2024-05-29 00:00:00+00:00,3844.87158203125,0.0014678203165237047,0.8920369148254395,-0.0006849480164465849,3496.383178,497641482.21162486,0.903525
2024-05-29 04:00:00+00:00,3823.376708984375,-0.0055488878696378086,0.8875258564949036,-0.004977230097995111,266.85813,497641749.0697549,0.8712
2024-05-29 08:00:00+00:00,3805.716552734375,-0.0045886010329199145,0.8620195388793945,-0.028878149025675315,32007.543179665074,497673756.6129346,0.884875
2024-05-29 12:00:00+00:00,3754.5791015625,-0.013488841657346096,0.8411644697189331,-0.0244034056792668,21.991747,497673778.6046816,0.8813249999999999
2024-05-29 16:00:00+00:00,3751.16015625,-0.0009030329088418609,0.8366495966911316,-0.005351344413998205,406.07182666666665,497674184.6765083,0.86415
2024-05-29 20:00:00+00:00,3762.341064453125,0.003000277633713133,0.8353496193885803,-0.0015379116496169187,314.060165,497674498.7366733,0.865425
2024-05-30 00:00:00+00:00,3788.854248046875,0.007045952418415546,0.8506067395210266,0.018148937089575767,3995.982864,497678494.7195373,0.886775
2024-05-30 04:00:00+00:00,3719.128662109375,-0.018493184373790994,0.8162747025489807,-0.04088723319853038,7778.07595706238,497686272.7954944,0.871725
2024-05-30 08:00:00+00:00,3734.2958984375,0.004084854915207159,0.8551595211029053,0.04732154959212431,1202.39166666667,497687475.187161,0.8827
2024-05-30 12:00:00+00:00,3776.440185546875,0.01129857930017264,0.8777961134910583,0.02665539090365976,57604.197578,497745079.38473904,0.8829
2024-05-30 16:00:00+00:00,3761.85302734375,-0.003736287012402806,0.87456214427948,-0.003657165042503685,4727.104014666667,497749806.48875374,0.860325
2024-05-30 20:00:00+00:00,3747.88818359375,-0.0036873102877107433,0.8710694909095764,-0.003884761853356289,0.0,,0.856475
2024-05-31 00:00:00+00:00,3759.6513671875,0.0031385142951850797,0.8906337022781372,0.022385952456031477,336.201872333333,497750142.6906261,0.8624499999999999
2024-05-31 04:00:00+00:00,3726.79736328125,-0.008761153038238545,0.8631879687309265,-0.03071364086705486,12137.663596333332,497762280.3542224,0.8705499999999999
2024-05-31 08:00:00+00:00,3803.8232421875,0.020527887568767333,0.9012144804000854,0.04344854159248834,0.0,,0.85955
2024-05-31 12:00:00+00:00,3744.4970703125,-0.015622566621659062,0.8784926533699036,-0.025425466897731952,1801.32113754951,497764081.67536,0.839925
2024-05-31 16:00:00+00:00,3784.536865234375,0.010653908779841625,0.8779317140579224,-0.0004833557256874732,5138.911853,497769220.587213,0.835
2024-05-31 20:00:00+00:00,3762.162841796875,-0.005916145611728152,0.878947913646698,0.0013711254212708246,1145.312499,497770365.899712,0.83385
2024-06-01 00:00:00+00:00,3775.9033203125,0.0036513190064313417,0.8883475065231323,0.01072807212545901,20.12,497770386.019712,0.8325750000000001
2024-06-01 04:00:00+00:00,3769.29931640625,-0.0017383562005333086,0.8879097700119019,-0.00038224710103218484,3931.7382559999996,497774317.757968,0.80895
2024-06-01 08:00:00+00:00,3786.149169921875,0.004488907385834295,0.8974364399909973,0.01069608104227271,766.0057659999999,497775083.7637339,0.80845
2024-06-01 12:00:00+00:00,3797.661376953125,0.00304334017380703,0.9217581152915955,0.026966491610023957,192.382646,497775276.14638,0.828675
2024-06-01 16:00:00+00:00,3802.4013671875,0.0012495488709208802,0.9014226198196411,-0.02198446235143292,157.186443,497775433.332823,0.813425
2024-06-01 20:00:00+00:00,3812.92529296875,0.0027707870911110044,0.9084975719451904,0.007960412495251812,1817.2093969999999,497777250.54222,0.81725
2024-06-02 00:00:00+00:00,3804.8134765625,-0.002102667744030451,0.9172157645225525,0.009727329606949331,209.659914,497777460.202134,0.814975
2024-06-02 04:00:00+00:00,3794.0048828125,-0.002823579031536294,0.8976965546607971,-0.02128421018358706,1359.837342,497778820.039476,0.81065
2024-06-02 08:00:00+00:00,3801.701171875,0.0020524701018375113,0.9174668788909912,0.022656099261913587,0.0,,0.7826500000000001
2024-06-02 12:00:00+00:00,3795.9560546875,-0.0015009701170680678,0.9105329513549805,-0.0074834063601916245,0.0,,0.7762249999999999
2024-06-02 16:00:00+00:00,3780.03173828125,-0.004185849857924473,0.8985833525657654,-0.013087511919359751,576.450149,497779396.489625,0.772775
2024-06-02 20:00:00+00:00,3782.99560546875,0.000785532629229313,0.9215711951255798,0.025507445103795212,686.6113399999999,497780083.10096496,0.787325
2024-06-03 00:00:00+00:00,3798.659423828125,0.0041684572663507335,0.931475043296814,0.011412628806344416,63.852758,497780146.95372295,0.78135
2024-06-03 04:00:00+00:00,3814.948974609375,0.004299114022237149,0.9563844799995422,0.026672991057568707,4344.936572,497784491.89029497,0.707125
2024-06-03 08:00:00+00:00,3807.99072265625,-0.0018186328359147685,0.9599671363830566,0.0038959812160148655,8582.542177,497793074.43247193,0.71975
2024-06-03 12:00:00+00:00,3793.795654296875,-0.003555658449888033,0.9615823030471802,0.0026389731192235644,499.87179000000003,497793574.3042619,0.698275
2024-06-03 16:00:00+00:00,3770.529296875,-0.006118837401150046,0.9765502214431763,0.016457401514891834,221011662.63185737,718805236.9361192,0.7038
2024-06-03 20:00:00+00:00,3766.455078125,-0.0010773133393682244,1.0189017057418823,0.04427064199771258,7176.536430137367,718812413.4725493,0.763825
2024-06-04 00:00:00+00:00,3773.67041015625,0.0019230964246591542,1.0313621759414673,0.012768993833962461,66972.61129041226,718879386.0838398,0.8683
2024-06-04 04:00:00+00:00,3773.505126953125,-3.627792655891415e-05,0.97454833984375,-0.05592229814889049,342040.7104963573,719221426.7943362,0.8596250000000001
2024-06-04 08:00:00+00:00,3763.945556640625,-0.002513338013723665,0.9456217288970947,-0.029692563596983357,20387.822148040726,719241814.6164843,0.84365
2024-06-04 12:00:00+00:00,3810.060791015625,0.0122263266793885,0.9749774932861328,0.030820577608145383,12158.592965999997,719253973.2094502,0.80735
2024-06-04 16:00:00+00:00,3801.7421875,-0.002178950269980384,0.9888622760772705,0.014260702423825822,4036.246841333333,719258009.4562917,0.7913
2024-06-04 20:00:00+00:00,3813.09375,0.002983925349197114,0.977432131767273,-0.01159831460924654,8550.70288532053,719266560.159177,0.771875
2024-06-05 00:00:00+00:00,3809.834716796875,-0.0008377535182878537,0.9566049575805664,-0.02125792945369953,20618.080072308607,719287178.2392492,0.75545
2024-06-05 04:00:00+00:00,3809.880859375,4.513862531174695e-05,0.9629202485084534,0.006627117027850238,3925.0894350000003,719291103.3286842,0.75525
2024-06-05 08:00:00+00:00,3803.73291015625,-0.0016093202861938716,0.9679831266403198,0.005277963966657362,2880.156890000002,719293983.4855742,0.7216
2024-06-05 12:00:00+00:00,3815.548828125,0.00314091195835553,0.9570200443267822,-0.011261576621363623,1286.54333333333,719295270.0289075,0.7418
2024-06-05 16:00:00+00:00,3873.637939453125,0.015188796745764455,0.9871677756309509,0.03137874953971642,6870.469391666669,719302140.4982991,0.7127
2024-06-05 20:00:00+00:00,3864.321533203125,-0.002391056589410412,0.9784751534461975,-0.008797593167182094,9107.79583333333,719311248.2941325,0.71025
2024-06-06 00:00:00+00:00,3862.37451171875,-0.0004985915549309272,0.9951450228691101,0.01695187337207793,44.662699,719311292.9568315,0.72295
2024-06-06 04:00:00+00:00,3852.253662109375,-0.002610002028670011,0.9711853861808777,-0.02417034280678987,1873.3606640000003,719313166.3174955,0.711075
2024-06-06 08:00:00+00:00,3848.71044921875,-0.0009185202632880918,0.9670326709747314,-0.004275765706354573,5448.403966564276,719318614.7214621,0.735725
2024-06-06 12:00:00+00:00,3843.787353515625,-0.0012790199141140546,0.9755637645721436,0.008836879227125283,5357.790580000001,719323972.5120423,0.73345
2024-06-06 16:00:00+00:00,3789.343994140625,-0.014199386679593418,0.9459764957427979,-0.030603712038532294,8011.0526740000005,719331983.5647163,0.6983
2024-06-06 20:00:00+00:00,3812.29638671875,0.006046127428907866,0.9510235786437988,0.00548758898070234,1364.01916666667,719333347.583883,0.7132000000000001
2024-06-07 00:00:00+00:00,3805.801025390625,-0.0017015784942023826,0.9487783312797546,-0.002308709738127468,6530.591410069235,719339878.1752931,0.7422
2024-06-07 04:00:00+00:00,3815.423583984375,0.002529898860758162,0.9578307271003723,0.009544903752899625,6241.098928453088,719346119.2742217,0.720725
2024-06-07 08:00:00+00:00,3831.64599609375,0.004263259465105973,0.9633921384811401,0.00587600306773961,14562.151287885154,719360681.4255096,0.743275
2024-06-07 12:00:00+00:00,3798.13720703125,-0.008741436485188436,0.9366973638534546,-0.027549535811831283,675.592274,719361357.0177835,0.744775
2024-06-07 16:00:00+00:00,3685.93701171875,-0.029783745674658912,0.8903389573097229,-0.048882380867594666,404846.18214183615,719766203.1999253,0.786675
2024-06-07 20:00:00+00:00,3678.51904296875,-0.0020055561528273813,0.8847883343696594,-0.005923124843807859,30866.79154843877,719797069.9914738,0.8160000000000001
2024-06-08 00:00:00+00:00,3688.616455078125,0.0027438110957013206,0.8678145408630371,-0.01925113325494132,807.0881303333332,719797877.079604,0.8133
2024-06-08 04:00:00+00:00,3707.396240234375,0.005101453874051587,0.8613561391830444,-0.007320830212656948,3787.182038356391,719801664.2616423,0.8171
2024-06-08 08:00:00+00:00,3683.638916015625,-0.006419302083221723,0.8445280194282532,-0.019574325672212622,95.3404166666667,719801759.602059,0.815625
2024-06-08 12:00:00+00:00,3686.987060546875,0.0009149598976069262,0.8471949100494385,0.003267986149737001,9.63,719801769.232059,0.8078000000000001
2024-06-08 16:00:00+00:00,3682.969482421875,-0.0010877800093169743,0.8279327750205994,-0.022833869173214394,15.69,719801784.922059,0.81105
2024-06-08 20:00:00+00:00,3681.808837890625,-0.00031142893087487966,0.8307510018348694,0.00344930442760083,15280.72299802274,719817065.6450571,0.855675
2024-06-09 00:00:00+00:00,3674.341796875,-0.0020238794651992187,0.8224800229072571,-0.009615512327430076,5104.503333333332,719822170.1483903,0.87315
2024-06-09 04:00:00+00:00,3685.66845703125,0.003079871154581637,0.818885087966919,-0.004299704049916975,4723.586329,719826893.7347193,0.828225
2024-06-09 08:00:00+00:00,3692.2490234375,0.0017852615050842902,0.818381667137146,-0.0005910589892860196,6791.787979666669,719833685.5226989,0.84665
2024-06-09 12:00:00+00:00,3692.27099609375,1.9399291118826767e-05,0.8270509243011475,0.010912478496808875,1881.6826429999999,719835567.2053419,0.833375
2024-06-09 16:00:00+00:00,3701.028076171875,0.002372330308565651,0.8312796354293823,0.005125642436801026,2194.7708333333335,719837761.9761752,0.8447
2024-06-09 20:00:00+00:00,3705.76025390625,0.0012845236429024354,0.8305214047431946,-0.0008775633559053864,0.0,,0.82035
2024-06-10 00:00:00+00:00,3682.626953125,-0.006253110892498803,0.8072031140327454,-0.028342418649385137,64.612227,719837826.5884022,0.82495
2024-06-10 04:00:00+00:00,3656.3740234375,-0.007137071068198719,0.7880106568336487,-0.023909732552267804,47461.62846100003,719885288.2168632,0.813475
2024-06-10 08:00:00+00:00,3674.990478515625,0.005087806279576168,0.8112615942955017,0.029419525194839924,280.146919,719885568.3637822,0.793775
2024-06-10 12:00:00+00:00,3706.8251953125,0.008657033410742199,0.8193932771682739,0.010468557890888963,0.0,,0.7927500000000001
2024-06-10 16:00:00+00:00,3665.590087890625,-0.01116471920764095,0.7797209024429321,-0.04925860204803301,118.691666666667,719885687.0554489,0.785975
2024-06-10 20:00:00+00:00,3666.818359375,0.0003377334684159239,0.7701107859611511,-0.012370722570719805,21795.095896666677,719907482.1513456,0.760325
2024-06-11 00:00:00+00:00,3594.81201171875,-0.019737574933855417,0.7512621283531189,-0.02440187236356295,251.049691,719907733.2010366,0.80275
2024-06-11 04:00:00+00:00,3531.106201171875,-0.017814630637020823,0.7361719012260437,-0.020219681181467775,3434.41127733333,719911167.612314,0.81395
2024-06-11 08:00:00+00:00,3527.2607421875,-0.0010797373729881654,0.7569692134857178,0.0281050552321378,301.66698486087796,719911469.2792988,0.802525
2024-06-11 12:00:00+00:00,3448.751708984375,-0.022326635522034288,0.71441251039505,-0.05726575766412845,35663.76084402736,719947133.0401429,0.7807
2024-06-11 16:00:00+00:00,3495.249267578125,0.013422910587256087,0.7153588533401489,0.0014205438715799712,15398.44,719962531.480143,0.796825
2024-06-11 20:00:00+00:00,3499.40283203125,0.0011985903919073948,0.709349513053894,-0.008252934870787043,13630.45666666667,719976161.9368097,0.8245
2024-06-12 00:00:00+00:00,3509.210205078125,0.0028374442701449842,0.7108380198478699,0.003225597362652821,9690.924892333333,719985852.8617018,0.7861
2024-06-12 04:00:00+00:00,3526.190673828125,0.004839365132137896,0.7166551351547241,0.008225249319913308,58108.34095466667,720043961.2026565,0.75455
2024-06-12 08:00:00+00:00,3531.69775390625,0.0015826948763472126,0.7265726923942566,0.013818223283149189,15465.998019666666,720059427.2006762,0.765675
2024-06-12 12:00:00+00:00,3619.612060546875,0.025085501108549346,0.7595900893211365,0.04586156606071268,0.0,,0.751675
2024-06-12 16:00:00+00:00,3523.468994140625,-0.026732501026334177,0.7143913507461548,-0.060258830188615886,767.9273890000001,720060195.1280652,0.7520249999999999
2024-06-12 20:00:00+00:00,3559.779296875,0.010301078320272716,0.7301709651947021,0.02212401204312575,16794.9551456667,720076990.0832108,0.763825
2024-06-13 00:00:00+00:00,3501.093994140625,-0.016567267892218518,0.6927544474601746,-0.052150730346543495,8987.103595545443,720085977.1868063,0.77115
2024-06-13 04:00:00+00:00,3505.2734375,0.0012138056657329255,0.7051212191581726,0.01788963133525967,4101.233891666667,720090078.420698,0.769375
2024-06-13 08:00:00+00:00,3495.621826171875,-0.002738154147769789,0.7019995450973511,-0.004277976073768008,650.0589663333329,720090728.4796644,0.767825
2024-06-13 12:00:00+00:00,3440.781494140625,-0.015610229139553344,0.6922560334205627,-0.013568923942183453,924.0779181096219,720091652.5575826,0.771325
2024-06-13 16:00:00+00:00,3486.786865234375,0.01332139947112021,0.6987369060516357,0.009465304060423452,3849.61,720095502.1675826,0.794875
2024-06-13 20:00:00+00:00,3468.496826171875,-0.005246398175002942,0.6964380741119385,-0.003206038837340941,4599.328333333333,720100101.495916,0.764925
2024-06-14 00:00:00+00:00,3490.047119140625,0.006229331699191043,0.7053176164627075,0.012815855952252986,3750.845171610647,720103852.3410876,0.76395
2024-06-14 04:00:00+00:00,3517.671630859375,0.00791031124151631,0.7170220017433167,0.016563740051713016,333.29146000000003,720104185.6325476,0.774275
2024-06-14 08:00:00+00:00,3513.017333984375,-0.0013208310665923095,0.7296998500823975,0.017702036610085625,3037.09030266667,720107222.7228503,0.773275
2024-06-14 12:00:00+00:00,3460.52587890625,-0.015005021282275766,0.6949873566627502,-0.048227996177623966,47.969464,720107270.6923143,0.7693
2024-06-14 16:00:00+00:00,3406.200439453125,-0.01563855731591335,0.6823270320892334,-0.018148584288928293,596.980833333333,720107867.6731476,0.770025
2024-06-14 20:00:00+00:00,3480.0615234375,0.021813814939987464,0.7111251950263977,0.042593170954113524,3894.444555,720111762.1177026,0.7660750000000001
2024-06-15 00:00:00+00:00,3497.451416015625,0.005011303424610314,0.7109251022338867,-2.3748975029991293e-05,23.624959,720111785.7426616,0.737625
2024-06-15 04:00:00+00:00,3529.4765625,0.009144402921556383,0.720892071723938,0.01400013794576227,1842.77902766667,720113628.5216892,0.722
2024-06-15 08:00:00+00:00,3536.79443359375,0.002073013060522988,0.7182949781417847,-0.0035399981028184646,309.240069333333,720113937.7617584,0.7311749999999999
2024-06-15 12:00:00+00:00,3561.84765625,0.007081118204013581,0.7403892278671265,0.030461274661621962,848.186122666667,720114785.9478811,0.7027
2024-06-15 16:00:00+00:00,3555.77099609375,-0.001693296737286465,0.7392212152481079,-0.0014850334155022127,1063.141517,720115849.089398,0.6961
2024-06-15 20:00:00+00:00,3564.521728515625,0.002464097339556215,0.7470536828041077,0.010603518543611079,958.5081495035871,720116807.5975477,0.72235
2024-06-16 00:00:00+00:00,3553.514892578125,-0.003085226146468445,0.7331510186195374,-0.018724265570404408,49.1766666666667,720116856.7742143,0.7555499999999999
2024-06-16 04:00:00+00:00,3559.897216796875,0.001803255855545416,0.7350855469703674,0.002719909477811533,572.041933950178,720117428.8161482,0.758425
2024-06-16 08:00:00+00:00,3553.451416015625,-0.0017932296973880435,0.7548878192901611,0.02670854103281639,10548.773356516384,720127977.5895047,0.7724
2024-06-16 12:00:00+00:00,3590.769775390625,0.01048831089971658,0.7578015923500061,0.0039671832621044345,55.932123000000004,720128033.5216277,0.7546999999999999
2024-06-16 16:00:00+00:00,3595.701416015625,0.0013732693241204075,0.7628079056739807,0.00665991756228268,895.1366750000001,720128928.6583027,0.740725
2024-06-16 20:00:00+00:00,3620.22998046875,0.00683921153171585,0.7658522129058838,0.004033908002192832,4136.084835,720133064.7431377,0.735775
2024-06-17 00:00:00+00:00,3580.54443359375,-0.011005061535355853,0.7389040589332581,-0.035586899958833684,476.48964166666667,720133541.2327794,0.7501
2024-06-17 04:00:00+00:00,3551.50732421875,-0.00810996626984617,0.70728600025177,-0.0433122679901673,4621.45333846814,720138162.6861178,0.756875
2024-06-17 08:00:00+00:00,3524.64501953125,-0.007547520719924372,0.6965499520301819,-0.015167801017553217,122.95097,720138285.6370877,0.75945
2024-06-17 12:00:00+00:00,3492.6552734375,-0.009010508963940067,0.6865063309669495,-0.014169045293368043,18037.521669,720156323.1587567,0.74785
2024-06-17 16:00:00+00:00,3549.54248046875,0.016225517053893967,0.7113965749740601,0.03619780776906345,23338.359216922225,720179661.5179737,0.724675
2024-06-17 20:00:00+00:00,3513.263916015625,-0.010222196624437907,0.6763812899589539,-0.05005984199793079,10631.202266666667,720190292.7202402,0.7019
2024-06-18 00:00:00+00:00,3440.067138671875,-0.020774255259566332,0.6078624725341797,-0.10040107179370839,17742.219515,720208034.9397552,0.70285
2024-06-18 04:00:00+00:00,3443.450439453125,0.0009925848233620638,0.6073595881462097,-0.0007237386132664669,17677.446271370736,720225712.3860265,0.71995
2024-06-18 08:00:00+00:00,3414.24267578125,-0.008501457951554547,0.5913338661193848,-0.026644991608323898,13871.573779333332,720239583.9598058,0.67835
2024-06-18 12:00:00+00:00,3418.990478515625,0.0014214762582633877,0.6014954447746277,0.017467048956622988,22.833835,720239606.7936409,0.72245
2024-06-18 16:00:00+00:00,3422.92822265625,0.0011752671578310059,0.5973673462867737,-0.00665241603448985,1791.4882311760362,720241398.281872,0.71595
2024-06-18 20:00:00+00:00,3484.2861328125,0.01783980152725473,0.6284427046775818,0.05103792189908818,119.563022,720241517.844894,0.7249
2024-06-19 00:00:00+00:00,3569.054931640625,0.02411772206315077,0.661621630191803,0.05201088635660789,3849.61,720245367.4548941,0.764925
2024-06-19 04:00:00+00:00,3543.101806640625,-0.007282747970331793,0.6539610028266907,-0.010002348190539467,1001.1879371537052,720246368.6428313,0.7416499999999999
2024-06-19 08:00:00+00:00,3537.50830078125,-0.001523387864572956,0.6355810761451721,-0.02778809931134585,21414.764561,720267783.4073923,0.74125
2024-06-19 12:00:00+00:00,3525.6708984375,-0.003322108588137862,0.6274796724319458,-0.012348166557461515,7131.649858333333,720274915.0572506,0.739725
2024-06-19 16:00:00+00:00,3547.33740234375,0.006150952630787465,0.635432243347168,0.012746903776695073,4216.319386,720279131.3766366,0.71665
2024-06-19 20:00:00+00:00,3558.4560546875,0.003154043674572282,0.629994809627533,-0.008468911175341653,1329.2572103197751,720280460.6338469,0.712325
2024-06-20 00:00:00+00:00,3549.651611328125,-0.002474756706927539,0.617935061454773,-0.018886293970135637,7347.506549999996,720287808.1403968,0.7348
2024-06-20 04:00:00+00:00,3604.474609375,0.015378579110129409,0.6531856060028076,0.056136221237693795,2625.115021,720290433.2554178,0.76865
2024-06-20 08:00:00+00:00,3596.70556640625,-0.0021258828486987458,0.6547292470932007,0.0026266361661325677,83012.745929,720373446.0013468,0.774425
2024-06-20 12:00:00+00:00,3506.667236328125,-0.02520905632487791,0.6157072186470032,-0.06087212215130566,476.43046566666703,720373922.4318125,0.758625
2024-06-20 16:00:00+00:00,3525.65185546875,0.005405492230296294,0.6208689212799072,0.008403806344376319,7345.30716733333,720381267.7389798,0.750175
2024-06-20 20:00:00+00:00,3511.58154296875,-0.003995196469567253,0.6121363639831543,-0.014105417489534311,708.768895333333,720381976.5078752,0.747525
2024-06-21 00:00:00+00:00,3499.279296875,-0.0034649679579920045,0.6124452948570251,0.0008470160486976352,185.965568333333,720382162.4734435,0.738575
2024-06-21 04:00:00+00:00,3470.218505859375,-0.008267360788576372,0.611893892288208,-0.0007961860046920011,1498.759937,720383661.2333804,0.729175
2024-06-21 08:00:00+00:00,3502.5947265625,0.009436972325468473,0.6140890121459961,0.00429118870356926,10568.324105333337,720394229.5574858,0.722525
2024-06-21 12:00:00+00:00,3483.70068359375,-0.005296895990485884,0.6070129871368408,-0.01076026145245168,23327.2909917533,720417556.8484776,0.7263999999999999
2024-06-21 16:00:00+00:00,3530.86328125,0.013524497033128635,0.6097301244735718,0.004626340906507931,6970.258826666667,720424527.1073042,0.7434000000000001
2024-06-21 20:00:00+00:00,3516.359375,-0.00410737251064186,0.5992917418479919,-0.017227436027351217,883.9399070000001,720425411.0472113,0.736275
2024-06-22 00:00:00+00:00,3504.403564453125,-0.0033933466109824506,0.5910642743110657,-0.013656859018784107,309.243972,720425720.2911832,0.71545
2024-06-22 04:00:00+00:00,3491.9873046875,-0.003544375165628555,0.5951881408691406,0.007019094209150256,587.725932333333,720426308.0171155,0.7271000000000001
2024-06-22 08:00:00+00:00,3491.531982421875,-0.00012291958751198262,0.5959425568580627,0.0013018558503953281,438.0378163333333,720426746.0549319,0.722275
2024-06-22 12:00:00+00:00,3502.7548828125,0.0032148493617639717,0.602299690246582,0.010639215431907711,4.18833333333333,720426750.2432653,0.701125
2024-06-22 16:00:00+00:00,3490.336181640625,-0.00354959160554702,0.6017334461212158,-0.0009110108001071371,232.797832,720426983.0410973,0.67815
2024-06-22 20:00:00+00:00,3495.242919921875,0.0014129002037166494,0.6018267273902893,0.00019972947235391558,1387.795294,720428370.8363912,0.688925
2024-06-23 00:00:00+00:00,3517.341552734375,0.0063102926319624775,0.6110880970954895,0.015334261018973283,1251.6663683333334,720429622.5027596,0.6884250000000001
2024-06-23 04:00:00+00:00,3510.6552734375,-0.001900005052137388,0.6041305065155029,-0.011421004601950835,637.2403917580993,720430259.7431513,0.726475
2024-06-23 08:00:00+00:00,3495.396728515625,-0.004350595583646033,0.5964226126670837,-0.012717891861194097,404.84282539235494,720430664.5859767,0.723625
2024-06-23 12:00:00+00:00,3471.626708984375,-0.00681219946948608,0.5842027068138123,-0.020607864007508248,8705.048776,720439369.6347526,0.7198
2024-06-23 16:00:00+00:00,3476.434814453125,0.0013916247040031138,0.5746954679489136,-0.01607357496446149,4466.459986884141,720443836.0947394,0.7429
2024-06-23 20:00:00+00:00,3418.294921875,-0.016784008176301435,0.5669363141059875,-0.013494407385453822,830.0669391234776,720444666.1616786,0.7053
2024-06-24 00:00:00+00:00,3401.7763671875,-0.004830579561603043,0.5587364435195923,-0.0144242504577351,3676.179971733544,720448342.3416502,0.66935
2024-06-24 04:00:00+00:00,3368.9482421875,-0.009623365454329957,0.5490719676017761,-0.016796606738467168,19507.073442333334,720467849.4150927,0.703075
2024-06-24 08:00:00+00:00,3318.611328125,-0.014852511232021581,0.5470718145370483,-0.003517387076968803,2155.010479,720470004.4255717,0.684075
2024-06-24 12:00:00+00:00,3269.86572265625,-0.014707182075590075,0.5408092737197876,-0.011390974210284788,6947.221616666668,720476951.6471884,0.71695
2024-06-24 16:00:00+00:00,3287.686279296875,0.005482484763796203,0.5495765805244446,0.016255293537959847,9138.35638666667,720486090.0035751,0.6868500000000001
2024-06-24 20:00:00+00:00,3351.709228515625,0.019380513023107726,0.5595189929008484,0.018082202565399608,6059.319478000001,720492149.3230531,0.6962
2024-06-25 00:00:00+00:00,3371.764892578125,0.0059922603080901915,0.5668581128120422,0.013169236291055486,1558.661168,720493707.9842211,0.717625
2024-06-25 04:00:00+00:00,3358.320068359375,-0.003963216338401132,0.5562167763710022,-0.01890241011506799,1559.120336,720495267.1045572,0.7034
2024-06-25 08:00:00+00:00,3376.388671875,0.00540515491109872,0.5590578317642212,0.0053977856231111065,7927.005506169865,720503194.1100633,0.6994
2024-06-25 12:00:00+00:00,3420.20849609375,0.012983107582508091,0.5849880576133728,0.04576118760943282,12460.75531966667,720515654.8653829,0.68685
2024-06-25 16:00:00+00:00,3419.184814453125,-0.00019882317321495702,0.5783058404922485,-0.011229051921143984,4532.8675,720520187.7328829,0.6772750000000001
2024-06-25 20:00:00+00:00,3395.130859375,-0.007051286508382937,0.5730547904968262,-0.009073734742969797,10044.268950000001,720530232.0018328,0.680225
2024-06-26 00:00:00+00:00,3393.683349609375,-0.0003814543233101597,0.5863438844680786,0.02326762411532135,403.038951,720530635.0407838,0.68895
2024-06-26 04:00:00+00:00,3400.400146484375,0.0019843832357112623,0.5840741395950317,-0.0038307103497057238,1407209.4935330001,721937844.5343168,0.676575
2024-06-26 08:00:00+00:00,3379.67822265625,-0.0060973007527095335,0.5690920352935791,-0.025838723475361536,6644.468244,721944489.0025609,0.6715
2024-06-26 12:00:00+00:00,3359.62744140625,-0.005914668186896566,0.5540087819099426,-0.02642217327807994,5820.930302,721950309.9328628,0.688325
2024-06-26 16:00:00+00:00,3405.8271484375,0.013741267928538803,0.5588459968566895,0.008850461004877852,636.3628183333329,721950946.295681,0.674775
2024-06-26 20:00:00+00:00,3369.343505859375,-0.01075001645083673,0.5577120780944824,-0.0019524475990925216,6832.116666666666,721957778.4123477,0.679025
2024-06-27 00:00:00+00:00,3380.184814453125,0.0032172489572454,0.5532382130622864,-0.00801511633099905,2788.773333333337,721960567.185681,0.667975
2024-06-27 04:00:00+00:00,3372.471923828125,-0.0022728720591073115,0.5474071502685547,-0.010457912499471145,11031.16118666667,721971598.3468677,0.672175
2024-06-27 08:00:00+00:00,3403.8544921875,0.009293297522176558,0.5623266100883484,0.0271280147044638,6588.055345333334,721978186.402213,0.705125
2024-06-27 12:00:00+00:00,3445.527587890625,0.012225874836080175,0.5717813968658447,0.017319850760242783,3215.0594220000003,721981401.461635,0.745
2024-06-27 16:00:00+00:00,3447.107421875,0.00046853512817846,0.5647650361061096,-0.012324185653083353,18034.118322980976,721999435.579958,0.7269749999999999
2024-06-27 20:00:00+00:00,3444.7041015625,-0.0006953520066401708,0.5594875812530518,-0.009374942739734937,1443.453333333334,722000879.0332913,0.676075
2024-06-28 00:00:00+00:00,3456.964599609375,0.003698792620618785,0.5665472149848938,0.012972902107950657,1075.727903333333,722001954.7611946,0.6751
2024-06-28 04:00:00+00:00,3429.190673828125,-0.008043618141829079,0.5637775659561157,-0.004887124512420571,882.5555750000001,722002837.3167697,0.6615
2024-06-28 08:00:00+00:00,3447.9111328125,0.0054482149568779725,0.5601878762245178,-0.00637960748637445,80.425864,722002917.7426337,0.680425
2024-06-28 12:00:00+00:00,3411.763916015625,-0.010487411881652808,0.5405228734016418,-0.0353546629990632,513.9268916666667,722003431.6695254,0.6843
2024-06-28 16:00:00+00:00,3373.292724609375,-0.01131379816417688,0.5152297019958496,-0.04747612726125472,1756.971359,722005188.6408844,0.71685
2024-06-28 20:00:00+00:00,3373.4931640625,7.012171232878561e-05,0.5119106769561768,-0.006414013068219537,2620.253294,722007808.8941783,0.735
2024-06-29 00:00:00+00:00,3379.876220703125,0.0018988586026654763,0.5191543102264404,0.014119243850033936,886.197055,722008695.0912334,0.7464500000000001
2024-06-29 04:00:00+00:00,3394.489990234375,0.004321684046309615,0.516091525554657,-0.005850494391013816,18276.667728666635,722026971.758962,0.72365
2024-06-29 08:00:00+00:00,3396.975830078125,0.0007373960455119288,0.5253317356109619,0.017841327992596523,4350.692691,722031322.4516529,0.719175
2024-06-29 12:00:00+00:00,3388.853271484375,-0.0023865877201941776,0.51436847448349,-0.020966406042543295,1718.3617339999998,722033040.8133869,0.7172000000000001
2024-06-29 16:00:00+00:00,3381.339599609375,-0.0022155422438890904,0.49956026673316956,-0.02901136942597593,424.933045333333,722033465.7464323,0.7348250000000001
2024-06-29 20:00:00+00:00,3371.931884765625,-0.002778649008357781,0.4876113533973694,-0.024100015305761002,54.94682099999999,722033520.6932533,0.7305
2024-06-30 00:00:00+00:00,3365.116943359375,-0.0020021252098278985,0.4908137917518616,0.006830889453785516,997.3765193333332,722034518.0697727,0.74855
2024-06-30 04:00:00+00:00,3386.91552734375,0.006475413084588766,0.5003409385681152,0.019336984844571803,12949.418891999998,722047467.4886647,0.776525
2024-06-30 08:00:00+00:00,3382.726806640625,-0.001236417883238361,0.5022631287574768,0.003964850931398312,10373.780087333333,722057841.268752,0.8058
2024-06-30 12:00:00+00:00,3393.38916015625,0.003153060615937231,0.5094713568687439,0.014409860120367268,3514.5735,722061355.8422519,0.766875
2024-06-30 16:00:00+00:00,3422.233154296875,0.00849060433679405,0.5168408155441284,0.014439276057187755,11344.9829300063,722072700.825182,0.74395
2024-06-30 20:00:00+00:00,3434.974609375,0.003769264634093439,0.5314424633979797,0.028410534957380773,0.0,,0.768825
2024-07-01 00:00:00+00:00,3495.5048828125,0.01772322051595665,0.5352017879486084,0.007604083457475652,4264.853716,722076965.678898,0.7792250000000001
2024-07-01 04:00:00+00:00,3486.296142578125,-0.002631013587853004,0.5345377922058105,-0.001231154372368426,2175.561202609184,722079141.2401005,0.7560749999999999
2024-07-01 08:00:00+00:00,3455.507080078125,-0.008859588067361313,0.5126025080680847,-0.041644765488478064,6808.587836000002,722085949.8279365,0.725275
2024-07-01 12:00:00+00:00,3466.392578125,0.003162472181559961,0.5128359198570251,0.000562975714301972,2658.71700114856,722088608.5449377,0.7385
2024-07-01 16:00:00+00:00,3467.255615234375,0.0002857745352337071,0.5154077410697937,0.00505168260344091,1346.787207,722089955.3321447,0.73085
2024-07-01 20:00:00+00:00,3441.233154296875,-0.007519242850758667,0.5052370429039001,-0.019852925242582198,18.625039,722089973.9571837,0.75755
2024-07-02 00:00:00+00:00,3454.8134765625,0.003943361521555722,0.506174623966217,0.0018929105278120417,6951.749413666667,722096925.7065973,0.75225
2024-07-02 04:00:00+00:00,3434.932861328125,-0.005761480677232478,0.5018446445465088,-0.008486369272582395,39845.44840833334,722136771.1550058,0.7683
2024-07-02 08:00:00+00:00,3448.011474609375,0.003802369966114272,0.49995481967926025,-0.003666425135692819,5476.727346,722142247.8823519,0.7478750000000001
2024-07-02 12:00:00+00:00,3411.2333984375,-0.010687676054517703,0.5046340823173523,0.010068822063027394,5566.008141666671,722147813.8904935,0.7218
2024-07-02 16:00:00+00:00,3414.68701171875,0.0010222316517566332,0.5015740394592285,-0.006001724200548564,3153.794369534726,722150967.684863,0.700525
2024-07-02 20:00:00+00:00,3416.722900390625,0.0005967931330965737,0.5117150545120239,0.020308285030689155,6001.84416666667,722156969.5290296,0.7207
2024-07-03 00:00:00+00:00,3356.522216796875,-0.01770693465769546,0.4874403178691864,-0.048253827688227724,327.0994083333333,722157296.628438,0.732525
2024-07-03 04:00:00+00:00,3349.835205078125,-0.001980908810503612,0.48179832100868225,-0.011530565413304772,816.2718899999999,722158112.9003279,0.73815
2024-07-03 08:00:00+00:00,3303.87646484375,-0.01376557142712731,0.47643139958381653,-0.011118401135109757,148.472466,722158261.3727938,0.7249
2024-07-03 12:00:00+00:00,3299.534912109375,-0.001255360663951266,0.4670330286026001,-0.01916480352018257,2879.0349264513543,722161140.4077203,0.7591
2024-07-03 16:00:00+00:00,3266.696044921875,-0.009927785409298617,0.458678662776947,-0.017860163710620935,5312.342365581576,722166452.750086,0.784875
2024-07-03 20:00:00+00:00,3294.7802734375,0.008644283881376724,0.4605720043182373,0.004245078982963113,4238.029166666667,722170690.7792526,0.81195
2024-07-04 00:00:00+00:00,3240.137451171875,-0.016332457011141277,0.45597201585769653,-0.009672992092951471,4001.8303900860783,722174692.6096427,0.830975
2024-07-04 04:00:00+00:00,3172.45751953125,-0.021035921362158816,0.4423789381980896,-0.02997080890370052,180.11333333333295,722174872.7229761,0.8172
2024-07-04 08:00:00+00:00,3156.566162109375,-0.005011109751072662,0.4429217576980591,0.001427059620527804,148.236549,722175020.9595251,0.8014749999999999
2024-07-04 12:00:00+00:00,3137.1201171875,-0.006124847389455401,0.4419110119342804,-0.0014221947220763864,730.589441,722175751.548966,0.796575
2024-07-04 16:00:00+00:00,3133.287109375,-0.001214714273129247,0.4269067645072937,-0.03436961471776512,4159.2801006666705,722179910.8290668,0.7632
2024-07-04 20:00:00+00:00,3062.264404296875,-0.022648646788478777,0.4045364260673523,-0.0528860606410162,11.989538,722179922.8186047,0.7536499999999999
2024-07-05 00:00:00+00:00,2920.840576171875,-0.04626423489560749,0.3574746251106262,-0.12090923976149348,488.88401500000003,722180411.7026197,0.809025
2024-07-05 04:00:00+00:00,2878.168212890625,-0.014402221046593056,0.3692992627620697,0.03332481189194425,999.997146666667,722181411.6997663,0.774525
2024-07-05 08:00:00+00:00,2946.626220703125,0.02372468155968588,0.3775268495082855,0.022615821350651766,17036.06166666667,722198447.7614329,0.799425
2024-07-05 12:00:00+00:00,2984.51708984375,0.012883966358471333,0.37303829193115234,-0.011392204053812582,127.343276,722198575.1047089,0.817225
2024-07-05 16:00:00+00:00,2982.535400390625,-0.0006051575652280539,0.3757842481136322,0.007832781523539945,0.0,,0.7906
2024-07-05 20:00:00+00:00,2982.21923828125,-9.702778621123453e-05,0.3774433434009552,0.00446566784167568,23.15,722198598.2547089,0.791575
2024-07-06 00:00:00+00:00,2980.26904296875,-0.0005969041714292134,0.374543160200119,-0.007609809152115621,565.1688750000001,722199163.4235839,0.771325
2024-07-06 04:00:00+00:00,3005.2490234375,0.008393924249106233,0.38076087832450867,0.016830774432024298,168.30104,722199331.7246239,0.7799750000000001
2024-07-06 08:00:00+00:00,3007.298095703125,0.0006935776424935591,0.37630775570869446,-0.011705481084620217,2728.782074,722202060.5066979,0.778875
2024-07-06 12:00:00+00:00,3020.968017578125,0.004546046598176701,0.3863830864429474,0.026682544745497694,729.664214,722202790.1709119,0.78665
2024-07-06 16:00:00+00:00,3061.568603515625,0.013401808292914041,0.40867242217063904,0.056686469199540124,1064.805,722203854.9759119,0.8375
2024-07-06 20:00:00+00:00,3068.299560546875,0.0021991028264601864,0.41229522228240967,0.008927040409814735,1425.2508273333328,722205280.2267392,0.8296749999999999
